Numero de pedido,Dia de inicio,Maquina Fase 1,Fase 1 Hora de Inicio,Fase 1 Hora de Fin,Horno Fase 2,Fase 2 Hora de Inicio,Fase 2 Hora de Fin,Maquina Fase 3,Fase 3 Hora de Inicio,Fase 3 Hora de Fin,Dia de salida,Hora de salida,Estatus
52,Lunes,Maquina 0,06:00,07:00,Horno 3,07:00,08:49,Maquina 5,08:49,10:12,Lunes,10:12,a tiempo
82,Lunes,Maquina 1,06:00,06:17,Horno 4,06:17,07:17,Maquina 6,07:17,07:35,Lunes,07:35,a tiempo
36,Lunes,Maquina 2,06:00,06:19,Horno 4,07:17,08:02,Maquina 7,08:02,08:15,Lunes,08:15,a tiempo
90,Lunes,Maquina 1,06:17,06:53,Horno 4,08:02,09:22,Maquina 6,09:22,09:58,Lunes,09:58,a tiempo
22,Lunes,Maquina 2,06:19,07:45,Horno 3,08:49,13:04,Maquina 7,13:04,14:34,Lunes,14:34,a tiempo
56,Lunes,Maquina 1,06:53,07:17,Horno 4,09:22,10:42,Maquina 6,10:42,11:06,Lunes,11:06,a tiempo
27,Lunes,Maquina 0,07:00,08:00,Horno 4,10:42,12:22,Maquina 5,12:22,13:09,Lunes,13:09,a tiempo
34,Lunes,Maquina 1,07:17,08:33,Horno 4,12:22,14:46,Maquina 6,14:46,15:54,Lunes,15:54,a tiempo
4,Lunes,Maquina 2,07:45,09:30,Horno 3,13:04,16:34,Maquina 5,16:34,17:47,Lunes,17:47,a tiempo
19,Lunes,Maquina 0,08:00,09:02,Horno 4,14:46,17:10,Maquina 7,17:10,17:42,Lunes,17:42,a tiempo
83,Lunes,Maquina 1,08:33,09:38,Horno 3,16:34,19:34,Maquina 6,19:34,20:41,Lunes,20:41,a tiempo
11,Lunes,Maquina 0,09:02,10:10,Horno 4,17:10,20:30,Maquina 7,20:30,21:38,Lunes,21:38,a tiempo
89,Martes,Maquina 0,06:00,07:15,Horno 3,07:15,09:45,Maquina 5,09:45,10:27,Martes,10:27,a tiempo
62,Martes,Maquina 1,06:00,07:52,Horno 4,07:52,10:22,Maquina 6,10:22,11:26,Martes,11:26,entrega tardia
43,Martes,Maquina 2,06:00,07:08,Horno 3,09:45,14:45,Maquina 7,14:45,16:45,Martes,16:45,a tiempo
16,Martes,Maquina 2,07:08,07:47,Horno 4,10:22,11:42,Maquina 5,11:42,12:21,Martes,12:21,a tiempo
3,Martes,Maquina 0,07:15,09:12,Horno 4,11:42,18:02,Maquina 6,18:02,19:59,Martes,19:59,entrega tardia
84,Martes,Maquina 2,07:47,09:55,Horno 3,14:45,19:00,Maquina 5,19:00,20:25,Martes,20:25,a tiempo
57,Martes,Maquina 1,07:52,08:30,Horno 4,18:02,19:12,Maquina 7,19:12,19:47,Martes,19:47,a tiempo
5,Miercoles,Maquina 0,06:00,06:38,Horno 3,06:38,07:48,Maquina 5,07:48,08:20,Miercoles,08:20,a tiempo
94,Miercoles,Maquina 1,06:00,06:21,Horno 4,06:21,07:21,Maquina 6,07:21,07:48,Miercoles,07:48,a tiempo
7,Miercoles,Maquina 2,06:00,06:30,Horno 4,07:21,09:21,Maquina 7,09:21,09:51,Miercoles,09:51,a tiempo
86,Miercoles,Maquina 1,06:21,07:17,Horno 3,07:48,10:18,Maquina 6,10:18,11:15,Miercoles,11:15,a tiempo
37,Miercoles,Maquina 2,06:30,06:34,Horno 4,09:21,09:31,Maquina 5,09:31,10:08,Miercoles,10:08,a tiempo
47,Miercoles,Maquina 2,06:34,07:20,Horno 4,09:31,11:11,Maquina 7,11:11,11:52,Miercoles,11:52,a tiempo
58,Miercoles,Maquina 0,06:38,07:20,Horno 3,10:18,12:03,Maquina 5,12:03,12:45,Miercoles,12:45,a tiempo
96,Miercoles,Maquina 1,07:17,08:53,Horno 4,11:11,14:56,Maquina 6,14:56,16:17,Miercoles,16:17,entrega tardia
66,Miercoles,Maquina 2,07:20,08:01,Horno 3,12:03,13:43,Maquina 7,13:43,14:24,Miercoles,14:24,a tiempo
35,Miercoles,Maquina 0,07:20,08:50,Horno 3,13:43,16:33,Maquina 5,16:33,17:53,Miercoles,17:53,a tiempo
78,Miercoles,Maquina 2,08:01,09:39,Horno 4,14:56,18:56,Maquina 7,18:56,20:15,Miercoles,20:15,a tiempo
71,Miercoles,Maquina 0,08:50,09:38,Horno 3,16:33,18:21,Maquina 6,18:21,18:39,Miercoles,18:39,entrega tardia
98,Miercoles,Maquina 1,08:53,09:27,Horno 3,18:21,19:36,Maquina 5,19:36,20:10,Miercoles,20:10,a tiempo
50,Jueves,Maquina 0,06:00,07:07,Horno 3,07:07,10:07,Maquina 5,10:07,10:46,Jueves,10:46,a tiempo
91,Jueves,Maquina 1,06:00,07:19,Horno 4,07:19,09:19,Maquina 6,09:19,10:07,Jueves,10:07,entrega tardia
92,Jueves,Maquina 2,06:00,06:32,Horno 4,09:19,10:30,Maquina 7,10:30,11:00,Jueves,11:00,a tiempo
54,Jueves,Maquina 2,06:32,07:10,Horno 3,10:07,11:27,Maquina 6,11:27,12:09,Jueves,12:09,entrega tardia
65,Jueves,Maquina 0,07:07,08:00,Horno 4,10:30,11:40,Maquina 5,11:40,12:10,Jueves,12:10,a tiempo
40,Jueves,Maquina 2,07:10,08:55,Horno 3,11:27,14:57,Maquina 7,14:57,16:22,Jueves,16:22,a tiempo
28,Jueves,Maquina 1,07:19,08:40,Horno 4,11:40,16:00,Maquina 6,16:00,17:45,Jueves,17:45,a tiempo
79,Jueves,Maquina 0,08:00,10:15,Horno 3,14:57,18:27,Maquina 5,18:27,19:57,Jueves,19:57,entrega tardia
14,Jueves,Maquina 1,08:40,09:25,Horno 4,16:00,19:00,Maquina 7,19:00,19:49,Jueves,19:49,a tiempo
72,Jueves,Maquina 2,08:55,09:50,Horno 3,18:27,20:42,Maquina 6,20:42,21:33,Jueves,21:33,entrega tardia
31,Viernes,Maquina 0,06:00,07:08,Horno 3,07:08,11:08,Maquina 5,11:08,12:12,Viernes,12:12,entrega tardia
68,Viernes,Maquina 1,06:00,06:26,Horno 4,06:26,07:06,Maquina 6,07:06,07:22,Viernes,07:22,entrega tardia
55,Viernes,Maquina 2,06:00,07:15,Horno 4,07:15,10:45,Maquina 7,10:45,12:00,Viernes,12:00,entrega tardia
74,Viernes,Maquina 1,06:26,07:38,Horno 4,10:45,14:45,Maquina 6,14:45,16:00,Viernes,16:00,entrega tardia
75,Viernes,Maquina 0,07:08,08:15,Horno 3,11:08,13:44,Maquina 7,13:44,14:54,Viernes,14:54,entrega tardia
46,Viernes,Maquina 2,07:15,08:15,Horno 3,13:44,15:54,Maquina 5,15:54,16:56,Viernes,16:56,a tiempo
64,Viernes,Maquina 1,07:38,09:45,Horno 4,14:45,17:54,Maquina 7,17:54,19:24,Viernes,19:24,a tiempo
8,Viernes,Maquina 2,08:15,09:11,Horno 3,15:54,17:54,Maquina 6,17:54,18:43,Viernes,18:43,a tiempo
53,Sabado,Maquina 0,06:00,07:13,Horno 3,07:13,10:25,Maquina 5,10:25,12:01,Sabado,12:01,a tiempo
23,Sabado,Maquina 1,06:00,06:47,Horno 4,06:47,09:28,Maquina 6,09:28,10:15,Sabado,10:15,entrega tardia
70,Sabado,Maquina 2,06:00,07:21,Horno 4,09:28,15:28,Maquina 7,15:28,16:32,Sabado,16:32,entrega tardia
25,Sabado,Maquina 1,06:47,07:36,Horno 3,10:25,12:45,Maquina 6,12:45,13:37,Sabado,13:37,entrega tardia
29,Sabado,Maquina 0,07:13,07:27,Horno 3,12:45,14:21,Maquina 5,14:21,14:39,Sabado,14:39,a tiempo
81,Sabado,Maquina 2,07:21,08:56,Horno 3,14:21,19:06,Maquina 6,19:06,20:58,Sabado,20:58,a tiempo
12,Sabado,Maquina 0,07:27,08:25,Horno 4,15:28,17:40,Maquina 5,17:40,18:34,Sabado,18:34,a tiempo
0,Sabado,Maquina 1,07:36,08:10,Horno 4,17:40,17:52,Maquina 7,17:52,18:26,Sabado,18:26,a tiempo
6,Domingo,Maquina 0,06:00,07:15,Horno 3,07:15,09:45,Maquina 5,09:45,10:25,Domingo,10:25,entrega tardia
13,Domingo,Maquina 1,06:00,06:04,Horno 4,06:04,06:14,Maquina 6,06:14,06:18,Domingo,06:18,entrega tardia
42,Domingo,Maquina 2,06:00,07:10,Horno 4,07:10,10:30,Maquina 7,10:30,11:40,Domingo,11:40,entrega tardia
69,Domingo,Maquina 1,06:04,08:07,Horno 3,09:45,16:25,Maquina 6,16:25,18:48,Domingo,18:48,entrega tardia
51,Domingo,Maquina 2,07:10,08:58,Horno 4,10:30,14:20,Maquina 5,14:20,16:02,Domingo,16:02,entrega tardia
97,Domingo,Maquina 0,07:15,08:37,Horno 4,14:20,19:40,Maquina 7,19:40,21:05,Domingo,21:05,entrega tardia
17,Domingo,Maquina 1,08:07,09:37,Horno 3,16:25,19:25,Maquina 5,19:25,20:55,Domingo,20:55,entrega tardia
30,Lunes,Maquina 0,06:00,06:32,Horno 3,06:32,07:32,Maquina 5,07:32,08:17,Lunes,08:17,entrega tardia
63,Lunes,Maquina 1,06:00,06:51,Horno 4,06:51,08:51,Maquina 6,08:51,09:39,Lunes,09:39,entrega tardia
41,Lunes,Maquina 2,06:00,07:15,Horno 3,07:32,10:02,Maquina 7,10:02,11:17,Lunes,11:17,entrega tardia
73,Lunes,Maquina 0,06:32,08:21,Horno 4,08:51,13:15,Maquina 5,13:15,14:53,Lunes,14:53,entrega tardia
33,Lunes,Maquina 1,06:51,08:51,Horno 3,10:02,14:02,Maquina 6,14:02,15:41,Lunes,15:41,entrega tardia
39,Lunes,Maquina 2,07:15,08:23,Horno 4,13:15,16:00,Maquina 7,16:00,17:05,Lunes,17:05,entrega tardia
21,Lunes,Maquina 0,08:21,10:06,Horno 3,14:02,18:22,Maquina 5,18:22,19:35,Lunes,19:35,entrega tardia
44,Lunes,Maquina 2,08:23,09:38,Horno 4,16:00,19:00,Maquina 6,19:00,20:15,Lunes,20:15,entrega tardia
26,Martes,Maquina 0,06:00,07:07,Horno 3,07:07,11:22,Maquina 5,11:22,12:30,Martes,12:30,entrega tardia
48,Martes,Maquina 1,06:00,06:31,Horno 4,06:31,09:11,Maquina 6,09:11,09:48,Martes,09:48,entrega tardia
9,Martes,Maquina 2,06:00,07:05,Horno 4,09:11,13:51,Maquina 7,13:51,14:46,Martes,14:46,entrega tardia
77,Martes,Maquina 1,06:31,08:14,Horno 3,11:22,16:37,Maquina 6,16:37,18:15,Martes,18:15,entrega tardia
15,Martes,Maquina 2,07:05,07:40,Horno 4,13:51,15:03,Maquina 5,15:03,15:37,Martes,15:37,entrega tardia
24,Martes,Maquina 0,07:07,08:03,Horno 4,15:03,18:51,Maquina 7,18:51,21:06,Martes,21:06,entrega tardia
2,Miercoles,Maquina 0,06:00,07:07,Horno 3,07:07,11:22,Maquina 5,11:22,12:30,Miercoles,12:30,entrega tardia
85,Miercoles,Maquina 1,06:00,06:38,Horno 4,06:38,08:58,Maquina 6,08:58,09:44,Miercoles,09:44,entrega tardia
32,Miercoles,Maquina 2,06:00,06:25,Horno 4,08:58,11:10,Maquina 7,11:10,11:55,Miercoles,11:55,entrega tardia
45,Miercoles,Maquina 2,06:25,08:17,Horno 4,11:10,17:10,Maquina 6,17:10,18:55,Miercoles,18:55,entrega tardia
61,Miercoles,Maquina 1,06:38,07:20,Horno 3,11:22,12:52,Maquina 7,12:52,13:37,Miercoles,13:37,entrega tardia
87,Miercoles,Maquina 0,07:07,08:37,Horno 3,12:52,15:52,Maquina 5,15:52,16:57,Miercoles,16:57,entrega tardia
10,Jueves,Maquina 0,06:00,06:52,Horno 3,06:52,10:07,Maquina 5,10:07,10:59,Jueves,10:59,entrega tardia
60,Jueves,Maquina 1,06:00,07:40,Horno 4,07:40,10:40,Maquina 6,10:40,12:01,Jueves,12:01,entrega tardia
93,Jueves,Maquina 2,06:00,07:15,Horno 3,10:07,13:37,Maquina 7,13:37,14:52,Jueves,14:52,entrega tardia
38,Jueves,Maquina 0,06:52,08:59,Horno 4,10:40,14:55,Maquina 5,14:55,16:17,Jueves,16:17,entrega tardia
59,Jueves,Maquina 2,07:15,08:08,Horno 3,13:37,15:27,Maquina 6,15:27,16:20,Jueves,16:20,entrega tardia
49,Jueves,Maquina 1,07:40,08:58,Horno 4,14:55,19:55,Maquina 7,19:55,20:55,Jueves,20:55,entrega tardia
1,Viernes,Maquina 0,06:00,07:32,Horno 3,07:32,11:47,Maquina 5,11:47,13:55,Viernes,13:55,entrega tardia
95,Viernes,Maquina 1,06:00,06:04,Horno 4,06:04,06:16,Maquina 6,06:16,06:21,Viernes,06:21,entrega tardia
67,Viernes,Maquina 2,06:00,07:15,Horno 4,07:15,10:45,Maquina 7,10:45,12:00,Viernes,12:00,entrega tardia
76,Viernes,Maquina 1,06:04,08:16,Horno 4,10:45,16:00,Maquina 6,16:00,17:48,Viernes,17:48,entrega tardia
99,Viernes,Maquina 2,07:15,07:58,Horno 3,11:47,13:47,Maquina 7,13:47,14:30,Viernes,14:30,entrega tardia
88,Viernes,Maquina 0,07:32,09:02,Horno 3,13:47,18:02,Maquina 5,18:02,19:24,Viernes,19:24,entrega tardia
80,Viernes,Maquina 2,07:58,08:33,Horno 4,16:00,17:09,Maquina 7,17:09,17:45,Viernes,17:45,entrega tardia
18,Sabado,Maquina 0,06:00,07:37,Horno 3,07:37,10:52,Maquina 5,10:52,11:44,Sabado,11:44,entrega tardia
20,Sabado,Maquina 1,06:00,06:30,Horno 4,06:30,07:45,Maquina 6,07:45,08:08,Sabado,08:08,entrega tardia
