Numero de pedido,Dia de inicio,Maquina Fase 1,Fase 1 Hora de Inicio,Fase 1 Hora de Fin,Horno Fase 2,Fase 2 Hora de Inicio,Fase 2 Hora de Fin,Maquina Fase 3,Fase 3 Hora de Inicio,Fase 3 Hora de Fin,Dia de salida,Hora de salida,Estatus
12,Lunes,Maquina 0,06:00,06:30,Horno 3,06:30,07:47,Maquina 5,07:47,08:15,Lunes,08:15,a tiempo
6,Lunes,Maquina 1,06:00,06:13,Horno 4,06:13,06:49,Maquina 6,06:49,07:02,Lunes,07:02,a tiempo
5,Lunes,Maquina 2,06:00,06:12,Horno 4,06:49,08:15,Maquina 7,08:15,08:26,Lunes,08:26,a tiempo
7,Lunes,Maquina 2,06:12,06:49,Horno 3,07:47,09:04,Maquina 6,09:04,09:40,Lunes,09:40,a tiempo
10,Lunes,Maquina 1,06:13,06:57,Horno 4,08:15,09:55,Maquina 5,09:55,10:49,Lunes,10:49,a tiempo
8,Lunes,Maquina 0,06:30,07:38,Horno 3,09:04,11:11,Maquina 7,11:11,12:11,Lunes,12:11,a tiempo
0,Lunes,Maquina 2,06:49,07:31,Horno 4,09:55,11:10,Maquina 6,11:10,11:50,Lunes,11:50,a tiempo
1,Lunes,Maquina 1,06:57,07:54,Horno 4,11:10,13:19,Maquina 5,13:19,14:21,Lunes,14:21,a tiempo
11,Lunes,Maquina 2,07:31,08:23,Horno 3,11:11,13:03,Maquina 6,13:03,13:52,Lunes,13:52,a tiempo
2,Lunes,Maquina 0,07:38,08:24,Horno 3,13:03,14:53,Maquina 7,14:53,15:39,Lunes,15:39,a tiempo
4,Lunes,Maquina 1,07:54,08:56,Horno 4,13:19,15:43,Maquina 6,15:43,16:43,Lunes,16:43,a tiempo
9,Lunes,Maquina 2,08:23,09:05,Horno 3,14:53,16:17,Maquina 5,16:17,16:54,Lunes,16:54,a tiempo
3,Lunes,Maquina 0,08:24,09:48,Horno 4,15:43,17:50,Maquina 7,17:50,19:09,Lunes,19:09,a tiempo
13,Lunes,Maquina 1,08:56,09:37,Horno 3,16:17,17:37,Maquina 6,17:37,18:13,Lunes,18:13,a tiempo
