Numero de pedido,Dia de inicio,Maquina Fase 1,Fase 1 Hora de Inicio,Fase 1 Hora de Fin,Horno Fase 2,Fase 2 Hora de Inicio,Fase 2 Hora de Fin,Maquina Fase 3,Fase 3 Hora de Inicio,Fase 3 Hora de Fin,Dia de salida,Hora de salida,Estatus
51,Lunes,Maquina 0,06:00,06:12,Horno 3,06:12,06:47,Maquina 5,06:47,07:07,Lunes,07:07,a tiempo
52,Lunes,Maquina 1,06:00,06:34,Horno 4,06:34,07:59,Maquina 6,07:59,08:29,Lunes,08:29,a tiempo
26,Lunes,Maquina 2,06:00,06:14,Horno 3,06:47,08:48,Maquina 7,08:48,09:05,Lunes,09:05,a tiempo
17,Lunes,Maquina 0,06:12,07:37,Horno 4,07:59,10:59,Maquina 5,10:59,12:29,Lunes,12:29,a tiempo
9,Lunes,Maquina 2,06:14,07:14,Horno 3,08:48,11:03,Maquina 6,11:03,12:03,Lunes,12:03,a tiempo
11,Lunes,Maquina 1,06:34,08:00,Horno 4,10:59,15:14,Maquina 7,15:14,16:32,Lunes,16:32,a tiempo
49,Lunes,Maquina 2,07:14,08:05,Horno 3,11:03,12:45,Maquina 6,12:45,13:37,Lunes,13:37,a tiempo
5,Lunes,Maquina 0,07:37,09:11,Horno 3,12:45,16:57,Maquina 5,16:57,19:14,Lunes,19:14,a tiempo
57,Lunes,Maquina 1,08:00,08:34,Horno 4,15:14,16:23,Maquina 6,16:23,16:57,Lunes,16:57,a tiempo
3,Lunes,Maquina 2,08:05,09:21,Horno 4,16:23,20:00,Maquina 7,20:00,21:25,Lunes,21:25,a tiempo
64,Lunes,Maquina 1,08:34,09:38,Horno 3,16:57,19:06,Maquina 6,19:06,20:29,Lunes,20:29,a tiempo
22,Martes,Maquina 0,06:00,06:34,Horno 3,06:34,08:34,Maquina 5,08:34,09:04,Martes,09:04,a tiempo
15,Martes,Maquina 1,06:00,07:10,Horno 4,07:10,10:25,Maquina 6,10:25,11:36,Martes,11:36,entrega tardia
62,Martes,Maquina 2,06:00,06:32,Horno 3,08:34,11:04,Maquina 7,11:04,11:30,Martes,11:30,a tiempo
48,Martes,Maquina 2,06:32,07:16,Horno 4,10:25,11:49,Maquina 5,11:49,12:33,Martes,12:33,a tiempo
27,Martes,Maquina 0,06:34,07:42,Horno 3,11:04,14:19,Maquina 7,14:19,15:25,Martes,15:25,a tiempo
50,Martes,Maquina 1,07:10,08:22,Horno 4,11:49,14:39,Maquina 6,14:39,15:51,Martes,15:51,a tiempo
12,Martes,Maquina 2,07:16,07:49,Horno 3,14:19,16:02,Maquina 5,16:02,16:35,Martes,16:35,a tiempo
47,Martes,Maquina 0,07:42,09:17,Horno 4,14:39,18:39,Maquina 7,18:39,20:49,Martes,20:49,a tiempo
19,Martes,Maquina 2,07:49,08:24,Horno 3,16:02,17:17,Maquina 6,17:17,17:52,Martes,17:52,a tiempo
40,Martes,Maquina 1,08:22,08:57,Horno 3,17:17,18:32,Maquina 5,18:32,19:07,Martes,19:07,a tiempo
2,Martes,Maquina 2,08:24,08:47,Horno 3,18:32,20:47,Maquina 6,20:47,21:12,Martes,21:12,a tiempo
14,Martes,Maquina 2,08:47,09:47,Horno 4,18:39,20:54,Maquina 5,20:54,21:52,Martes,21:52,a tiempo
58,Miercoles,Maquina 0,06:00,07:00,Horno 3,07:00,09:00,Maquina 5,09:00,10:16,Miercoles,10:16,a tiempo
53,Miercoles,Maquina 1,06:00,06:50,Horno 4,06:50,09:35,Maquina 6,09:35,10:26,Miercoles,10:26,a tiempo
56,Miercoles,Maquina 2,06:00,06:18,Horno 3,09:00,11:00,Maquina 7,11:00,11:15,Miercoles,11:15,a tiempo
23,Miercoles,Maquina 2,06:18,07:09,Horno 4,09:35,11:50,Maquina 5,11:50,12:38,Miercoles,12:38,a tiempo
59,Miercoles,Maquina 1,06:50,07:47,Horno 3,11:00,13:00,Maquina 6,13:00,13:56,Miercoles,13:56,a tiempo
36,Miercoles,Maquina 0,07:00,07:08,Horno 4,11:50,13:10,Maquina 7,13:10,13:48,Miercoles,13:48,a tiempo
31,Miercoles,Maquina 0,07:08,08:42,Horno 3,13:00,16:30,Maquina 5,16:30,18:30,Miercoles,18:30,entrega tardia
44,Miercoles,Maquina 2,07:09,08:06,Horno 4,13:10,14:58,Maquina 7,14:58,15:44,Miercoles,15:44,a tiempo
30,Miercoles,Maquina 1,07:47,09:33,Horno 4,14:58,19:28,Maquina 6,19:28,21:22,Miercoles,21:22,a tiempo
61,Miercoles,Maquina 2,08:06,08:50,Horno 3,16:30,18:30,Maquina 7,18:30,19:17,Miercoles,19:17,entrega tardia
8,Miercoles,Maquina 0,08:42,09:30,Horno 3,18:30,20:30,Maquina 5,20:30,21:21,Miercoles,21:21,entrega tardia
6,Miercoles,Maquina 2,08:50,09:32,Horno 4,19:28,20:58,Maquina 7,20:58,21:35,Miercoles,21:35,entrega tardia
33,Jueves,Maquina 0,06:00,07:04,Horno 3,07:04,09:24,Maquina 5,09:24,10:20,Jueves,10:20,a tiempo
18,Jueves,Maquina 1,06:00,06:04,Horno 4,06:04,06:16,Maquina 6,06:16,06:22,Jueves,06:22,a tiempo
32,Jueves,Maquina 2,06:00,06:30,Horno 4,06:30,08:12,Maquina 7,08:12,08:34,Jueves,08:34,a tiempo
34,Jueves,Maquina 1,06:04,06:48,Horno 4,08:12,09:57,Maquina 6,09:57,10:41,Jueves,10:41,a tiempo
1,Jueves,Maquina 2,06:30,08:04,Horno 3,09:24,12:44,Maquina 7,12:44,14:47,Jueves,14:47,a tiempo
55,Jueves,Maquina 1,06:48,07:56,Horno 4,09:57,13:12,Maquina 5,13:12,14:21,Jueves,14:21,a tiempo
37,Jueves,Maquina 0,07:04,08:06,Horno 3,12:44,14:44,Maquina 6,14:44,15:44,Jueves,15:44,entrega tardia
29,Jueves,Maquina 1,07:56,08:37,Horno 4,13:12,14:42,Maquina 5,14:42,15:26,Jueves,15:26,a tiempo
25,Jueves,Maquina 2,08:04,09:30,Horno 4,14:42,18:42,Maquina 7,18:42,19:57,Jueves,19:57,a tiempo
4,Jueves,Maquina 0,08:06,09:09,Horno 3,14:44,16:54,Maquina 5,16:54,17:52,Jueves,17:52,a tiempo
35,Jueves,Maquina 1,08:37,09:18,Horno 3,16:54,18:24,Maquina 6,18:24,19:03,Jueves,19:03,a tiempo
45,Jueves,Maquina 0,09:09,09:47,Horno 3,18:24,18:54,Maquina 5,18:54,19:37,Jueves,19:37,a tiempo
21,Jueves,Maquina 1,09:18,10:01,Horno 4,18:42,20:27,Maquina 6,20:27,21:10,Jueves,21:10,a tiempo
28,Viernes,Maquina 0,06:00,07:04,Horno 3,07:04,10:49,Maquina 5,10:49,12:11,Viernes,12:11,a tiempo
7,Viernes,Maquina 1,06:00,06:27,Horno 4,06:27,07:57,Maquina 6,07:57,08:25,Viernes,08:25,a tiempo
42,Viernes,Maquina 2,06:00,07:27,Horno 4,07:57,11:57,Maquina 7,11:57,13:06,Viernes,13:06,a tiempo
0,Viernes,Maquina 1,06:27,08:08,Horno 3,10:49,14:04,Maquina 6,14:04,15:52,Viernes,15:52,a tiempo
16,Viernes,Maquina 0,07:04,08:15,Horno 4,11:57,14:27,Maquina 5,14:27,15:42,Viernes,15:42,entrega tardia
41,Viernes,Maquina 2,07:27,08:27,Horno 3,14:04,15:19,Maquina 7,15:19,16:09,Viernes,16:09,a tiempo
24,Viernes,Maquina 1,08:08,09:38,Horno 4,14:27,17:01,Maquina 5,17:01,18:45,Viernes,18:45,a tiempo
60,Viernes,Maquina 0,08:15,09:49,Horno 3,15:19,19:31,Maquina 6,19:31,21:37,Viernes,21:37,a tiempo
10,Viernes,Maquina 2,08:27,09:38,Horno 4,17:01,20:16,Maquina 7,20:16,21:20,Viernes,21:20,a tiempo
46,Sabado,Maquina 0,06:00,06:42,Horno 3,06:42,08:25,Maquina 5,08:25,09:45,Sabado,09:45,a tiempo
13,Sabado,Maquina 1,06:00,07:13,Horno 4,07:13,09:03,Maquina 6,09:03,09:50,Sabado,09:50,a tiempo
63,Sabado,Maquina 2,06:00,06:12,Horno 3,08:25,10:01,Maquina 7,10:01,10:14,Sabado,10:14,a tiempo
38,Sabado,Maquina 2,06:12,07:46,Horno 4,09:03,13:48,Maquina 5,13:48,15:11,Sabado,15:11,a tiempo
54,Sabado,Maquina 0,06:42,07:31,Horno 3,10:01,13:01,Maquina 6,13:01,15:04,Sabado,15:04,a tiempo
20,Sabado,Maquina 1,07:13,08:38,Horno 3,13:01,15:51,Maquina 7,15:51,17:34,Sabado,17:34,a tiempo
39,Sabado,Maquina 0,07:31,08:46,Horno 4,13:48,16:48,Maquina 6,16:48,18:09,Sabado,18:09,a tiempo
43,Sabado,Maquina 2,07:46,08:33,Horno 3,15:51,18:25,Maquina 5,18:25,19:04,Sabado,19:04,a tiempo
