Numero de pedido,Dia de inicio,Maquina Fase 1,Fase 1 Hora de Inicio,Fase 1 Hora de Fin,Horno Fase 2,Fase 2 Hora de Inicio,Fase 2 Hora de Fin,Maquina Fase 3,Fase 3 Hora de Inicio,Fase 3 Hora de Fin,Dia de salida,Hora de salida,Estatus
30,Lunes,Maquina 0,06:00,06:42,Horno 3,06:42,07:52,Maquina 5,07:52,08:15,Lunes,08:15,a tiempo
20,Lunes,Maquina 1,06:00,06:42,Horno 4,06:42,08:08,Maquina 6,08:08,09:08,Lunes,09:08,a tiempo
1,Lunes,Maquina 2,06:00,07:00,Horno 3,07:52,11:28,Maquina 7,11:28,12:28,Lunes,12:28,a tiempo
22,Lunes,Maquina 0,06:42,08:11,Horno 4,08:11,10:11,Maquina 5,10:11,12:05,Lunes,12:05,a tiempo
3,Lunes,Maquina 1,06:42,07:16,Horno 4,10:11,11:20,Maquina 6,11:20,11:53,Lunes,11:53,a tiempo
28,Lunes,Maquina 2,07:00,08:30,Horno 4,11:20,15:50,Maquina 6,15:50,17:16,Lunes,17:16,a tiempo
16,Lunes,Maquina 1,07:16,08:38,Horno 3,11:28,15:28,Maquina 5,15:28,16:45,Lunes,16:45,a tiempo
11,Lunes,Maquina 0,08:11,09:54,Horno 3,15:28,18:52,Maquina 7,18:52,20:04,Lunes,20:04,a tiempo
8,Lunes,Maquina 2,08:30,09:09,Horno 4,15:50,17:26,Maquina 5,17:26,18:06,Lunes,18:06,a tiempo
12,Lunes,Maquina 1,08:38,09:49,Horno 4,17:26,20:18,Maquina 6,20:18,21:33,Lunes,21:33,a tiempo
18,Martes,Maquina 0,06:00,07:00,Horno 3,07:00,10:00,Maquina 5,10:00,10:51,Martes,10:51,a tiempo
24,Martes,Maquina 1,06:00,06:47,Horno 4,06:47,08:37,Maquina 6,08:37,09:11,Martes,09:11,a tiempo
9,Martes,Maquina 2,06:00,06:32,Horno 4,08:37,10:28,Maquina 7,10:28,11:04,Martes,11:04,a tiempo
15,Martes,Maquina 2,06:32,07:27,Horno 3,10:00,12:35,Maquina 6,12:35,13:37,Martes,13:37,a tiempo
27,Martes,Maquina 1,06:47,07:26,Horno 4,10:28,11:54,Maquina 5,11:54,12:07,Martes,12:07,a tiempo
17,Martes,Maquina 0,07:00,07:58,Horno 4,11:54,14:24,Maquina 7,14:24,15:26,Martes,15:26,a tiempo
0,Martes,Maquina 1,07:26,08:26,Horno 3,12:35,15:35,Maquina 5,15:35,16:42,Martes,16:42,a tiempo
10,Martes,Maquina 2,07:27,08:57,Horno 4,14:24,16:58,Maquina 6,16:58,18:34,Martes,18:34,a tiempo
33,Martes,Maquina 0,07:58,09:04,Horno 3,15:35,18:51,Maquina 7,18:51,20:10,Martes,20:10,a tiempo
19,Martes,Maquina 1,08:26,09:05,Horno 4,16:58,18:18,Maquina 5,18:18,18:57,Martes,18:57,a tiempo
5,Martes,Maquina 2,08:57,09:49,Horno 4,18:18,18:58,Maquina 6,18:58,19:50,Martes,19:50,a tiempo
6,Miercoles,Maquina 0,06:00,06:50,Horno 3,06:50,09:35,Maquina 5,09:35,10:19,Miercoles,10:19,a tiempo
2,Miercoles,Maquina 1,06:00,06:35,Horno 4,06:35,07:53,Maquina 6,07:53,08:47,Miercoles,08:47,a tiempo
32,Miercoles,Maquina 2,06:00,06:27,Horno 4,07:53,10:05,Maquina 7,10:05,10:25,Miercoles,10:25,a tiempo
4,Miercoles,Maquina 2,06:27,07:51,Horno 3,09:35,12:50,Maquina 6,12:50,13:52,Miercoles,13:52,a tiempo
31,Miercoles,Maquina 1,06:35,07:17,Horno 4,10:05,11:50,Maquina 5,11:50,12:33,Miercoles,12:33,a tiempo
29,Miercoles,Maquina 0,06:50,08:25,Horno 4,11:50,15:05,Maquina 7,15:05,16:35,Miercoles,16:35,a tiempo
34,Miercoles,Maquina 1,07:17,07:50,Horno 3,12:50,16:05,Maquina 5,16:05,16:47,Miercoles,16:47,a tiempo
25,Miercoles,Maquina 1,07:50,08:57,Horno 4,15:05,17:25,Maquina 6,17:25,18:38,Miercoles,18:38,a tiempo
21,Miercoles,Maquina 2,07:51,08:40,Horno 3,16:05,17:53,Maquina 7,17:53,18:42,Miercoles,18:42,a tiempo
14,Miercoles,Maquina 0,08:25,09:06,Horno 4,17:25,18:42,Maquina 5,18:42,19:24,Miercoles,19:24,a tiempo
26,Miercoles,Maquina 2,08:40,09:40,Horno 3,17:53,20:38,Maquina 6,20:38,21:36,Miercoles,21:36,a tiempo
23,Miercoles,Maquina 1,08:57,09:37,Horno 4,18:42,20:12,Maquina 7,20:12,20:56,Miercoles,20:56,a tiempo
7,Jueves,Maquina 0,06:00,06:55,Horno 3,06:55,09:55,Maquina 5,09:55,10:43,Jueves,10:43,a tiempo
13,Jueves,Maquina 1,06:00,06:52,Horno 4,06:52,08:43,Maquina 6,08:43,10:01,Jueves,10:01,a tiempo
